Fecha;Sexo;Área o sector de donde proviene?;Área o dependencia donde fue atendido:;Nombre del  funcionario que lo atendió:;quitar espacios;estandarizar (mayus o minus);quitar tildes;Combinado;¿Cuánto tiempo tuvo que esperar para ser atendido?;¿Cómo fue el trato y la atención que recibió por parte del funcionario que lo atendió?;¿Cómo califica su satisfacción respecto de la información suministrada?;¿Las instaciones donde fue atendido son cómodas y seguras?;¿Los horarios de atención al público son puntuales, adecuados y respetados?;¿Cómo calificaría su nivel de satisfacción, frente a la prestación de servicios de la Alcaldía?;Comentarios o Sugerencias;Edad;¿Pertenece a un grupo Poblacional con enfoque diferencial ?;Ejertcicio 1.1;Ejertcicio 1.2;Ejertcicio 1.3;Ejertcicio 2.1;Ejertcicio 2.2
12/20/2023 07:43:44 PM;Hombre;Urbana    ;Inspección de policia;Cristina Velasquez;Inspección de policia;INSPECCIÓN DE POLICIA;INSPECCION DE POLICIA;INSPECCION DE POLICIA;De 1 a 10 Minutos;Buena;Buena;Buena;Si;Buena;Ninguna;27-59 Años (Adulto);Ninguna;Cristina;Velasquez;CRISTINA VELASQUEZ;Inspección de policia;inspección de policia
12/20/2023 04:03:45 PM;Hombre;Rural    ;Comisaría de Familia;Nancy rojas Nubia carrillo;Comisaría de Familia;COMISARÍA DE FAMILIA;COMISARIA DE FAMILIA;COMISARIA DE FAMILIA;De 1 a 10 Minutos;Buena;Buena;Buena;Si;Buena;Ninguna;27-59 Años (Adulto);Ninguna;Nancy;rojas;NANCY ROJAS;Comisaría de Familia;comisaría de familia
12/20/2023 01:23:58 PM;Mujer;Rural    ;Secretaria de Salud;Jorge Bello;Secretaria de Salud;SECRETARIA DE SALUD;SECRETARIA DE SALUD;SECRETARIA DE SALUD;De 10 a 20 Minutos;Buena;Buena;Buena;Si;Buena;Ninguna;27-59 Años (Adulto);Ninguna;Jorge;Bello;JORGE BELLO;Secretaria de Salud;secretaria de salud
12/19/2023 02:07:08 PM;Hombre;Rural;Inspección de policia;Cristina Velasquez;Inspección de policia;INSPECCIÓN DE POLICIA;INSPECCION DE POLICIA;INSPECCION DE POLICIA;De 1 a 10 Minutos;Buena;Buena;Buena;Si;Buena;Ninguna;27-59 Años (Adulto);Ninguna;Cristina;Velasquez;CRISTINA VELASQUEZ;Inspección de policia;inspección de policia
12/18/2023 08:58:39 PM;Mujer;Rural    ;Inspección de policia;Cristina Velasquez;Inspección de policia;INSPECCIÓN DE POLICIA;INSPECCION DE POLICIA;INSPECCION DE POLICIA;De 1 a 10 Minutos;Buena;Buena;Buena;Si;Buena;Ninguna;27-59 Años (Adulto);Ninguna;Cristina;Velasquez;CRISTINA VELASQUEZ;Inspección de policia;inspección de policia
12/18/2023 08:48:27 PM;Hombre;Urbana;Inspección de policia;Cristina Velasquez;Inspección de policia;INSPECCIÓN DE POLICIA;INSPECCION DE POLICIA;INSPECCION DE POLICIA;De 1 a 10 Minutos;Buena;Buena;Buena;Si;Buena;Ninguna;27-59 Años (Adulto);Ninguna;Cristina;Velasquez;CRISTINA VELASQUEZ;Inspección de policia;inspección de policia
12/18/2023 04:05:52 PM;Hombre;Rural;Inspección de policia;Cristina velasquez;Inspección de policia;INSPECCIÓN DE POLICIA;INSPECCION DE POLICIA;INSPECCION DE POLICIA;De 1 a 10 Minutos;Buena;Buena;Buena;Si;Buena;Ninguna;27-59 Años (Adulto);Ninguna;Cristina;velasquez;CRISTINA VELASQUEZ;Inspección de policia;inspección de policia
12/18/2023 03:32:23 PM;Mujer;Rural;Inspección de policia;Cristina velasquez;Inspección de policia;INSPECCIÓN DE POLICIA;INSPECCION DE POLICIA;INSPECCION DE POLICIA;De 1 a 10 Minutos;Buena;Buena;Buena;Si;Buena;Ninguna;27-59 Años (Adulto);Ninguna;Cristina;velasquez;CRISTINA VELASQUEZ;Inspección de policia;inspección de policia
12/18/2023 02:27:28 PM;Mujer;Rural;Inspección de policia;Cristina Velasquez;Inspección de policia;INSPECCIÓN DE POLICIA;INSPECCION DE POLICIA;INSPECCION DE POLICIA;De 1 a 10 Minutos;Buena;Buena;Buena;Si;Buena;Ninguna;27-59 Años (Adulto);Ninguna;Cristina;Velasquez;CRISTINA VELASQUEZ;Inspección de policia;inspección de policia
12/18/2023 01:37:19 PM;Hombre;Urbana;Comisaría de Familia;Nancy Rojas Nubia carrillo;Comisaría de Familia;COMISARÍA DE FAMILIA;COMISARIA DE FAMILIA;COMISARIA DE FAMILIA;De 1 a 10 Minutos;Buena;Buena;Buena;Si;Buena;Ninguna;27-59 Años (Adulto);Ninguna;Nancy;Rojas;NANCY ROJAS;Comisaría de Familia;comisaría de familia
12/11/2023 14:09;Mujer;Rural;Inspección de policia;Cristina Velasquez;Inspección de policia;INSPECCIÓN DE POLICIA;INSPECCION DE POLICIA;INSPECCION DE POLICIA;De 1 a 10 Minutos;Buena;Buena;Buena;Si;Buena;Ninguna;27-59 Años (Adulto);Ninguna;Cristina;Velasquez;CRISTINA VELASQUEZ;Inspección de policia;inspección de policia
12/05/2023 16:37;Mujer;Rural;Sisben;Yilson Rojas;Sisben;SISBEN;SISBEN;SISBEN;De 1 a 10 Minutos;Buena;Buena;Buena;Si;Buena;Ninguna;27-59 Años (Adulto);Ninguna;Yilson;Rojas;YILSON ROJAS;Sisben;sisben
12/05/2023 16:26;Hombre;Rural;Secretaria de Minas y ambiente;Marina Neme;Secretaria de Minas y ambiente;SECRETARIA DE MINAS Y AMBIENTE;SECRETARIA DE MINAS Y AMBIENTE;SECRETARIA DE MINAS Y AMBIENTE;De 1 a 10 Minutos;Buena;Buena;Buena;Si;Buena;Ninguna;27-59 Años (Adulto);Ninguna;Marina;Neme;MARINA NEME;Secretaria de Minas y ambiente;secretaria de minas y ambiente
12/05/2023 16:24;Hombre;Rural;Inspección de policia;Cristina Velasquez;Inspección de policia;INSPECCIÓN DE POLICIA;INSPECCION DE POLICIA;INSPECCION DE POLICIA;De 1 a 10 Minutos;Buena;Buena;Buena;Si;Buena;Ninguna;Mayor de 60 Años (Adulto Mayor);Ninguna;Cristina;Velasquez;CRISTINA VELASQUEZ;Inspección de policia;inspección de policia
12/05/2023 16:12;Mujer;Urbana;Inspección de policia;Cristina Velasquez;Inspección de policia;INSPECCIÓN DE POLICIA;INSPECCION DE POLICIA;INSPECCION DE POLICIA;De 1 a 10 Minutos;Buena;Buena;Buena;Si;Buena;Ninguna;27-59 Años (Adulto);Ninguna;Cristina;Velasquez;CRISTINA VELASQUEZ;Inspección de policia;inspección de policia
12/05/2023 16:08;Mujer;Rural;Sisben;Yilson Rojas;Sisben;SISBEN;SISBEN;SISBEN;De 1 a 10 Minutos;Buena;Buena;Buena;Si;Buena;Ninguna;27-59 Años (Adulto);Ninguna;Yilson;Rojas;YILSON ROJAS;Sisben;sisben
12/05/2023 16:06;Mujer;Rural;Secretaria de Salud;Jorge Bello;Secretaria de Salud;SECRETARIA DE SALUD;SECRETARIA DE SALUD;SECRETARIA DE SALUD;De 1 a 10 Minutos;Buena;Buena;Buena;Si;Buena;Ninguna;27-59 Años (Adulto);Ninguna;Jorge;Bello;JORGE BELLO;Secretaria de Salud;secretaria de salud
12/04/2023 21:20;Hombre;Rural;Secretaria de Planeación;Laura Calderon;Secretaria de Planeación;SECRETARIA DE PLANEACIÓN;SECRETARIA DE PLANEACION;SECRETARIA DE PLANEACION;De 1 a 10 Minutos;Buena;Buena;Buena;Si;Buena;Ninguna;27-59 Años (Adulto);Ninguna;Laura;Calderon;LAURA CALDERON;Secretaria de Planeación;secretaria de planeación
12/04/2023 15:44;Hombre;Rural;Sisben;Yilson Rojas;Sisben;SISBEN;SISBEN;SISBEN;De 1 a 10 Minutos;Buena;Buena;Buena;Si;Buena;Ninguna;27-59 Años (Adulto);Ninguna;Yilson;Rojas;YILSON ROJAS;Sisben;sisben
12/04/2023 14:41;Hombre;Rural;Secretaria de Minas y ambiente;Marina Neme;Secretaria de Minas y ambiente;SECRETARIA DE MINAS Y AMBIENTE;SECRETARIA DE MINAS Y AMBIENTE;SECRETARIA DE MINAS Y AMBIENTE;De 1 a 10 Minutos;Buena;Buena;Buena;Si;Buena;Ninguna;27-59 Años (Adulto);Ninguna;Marina;Neme;MARINA NEME;Secretaria de Minas y ambiente;secretaria de minas y ambiente
12/04/2023 13:37;Hombre;Rural;Inspección de policia;Cristina Velasquez;Inspección de policia;INSPECCIÓN DE POLICIA;INSPECCION DE POLICIA;INSPECCION DE POLICIA;De 1 a 10 Minutos;Buena;Buena;Buena;Si;Buena;Ninguna;27-59 Años (Adulto);Ninguna;Cristina;Velasquez;CRISTINA VELASQUEZ;Inspección de policia;inspección de policia
12/01/2023 20:41;Mujer;Rural;Secretaria de Minas y ambiente;Marina Neme;Secretaria de Minas y ambiente;SECRETARIA DE MINAS Y AMBIENTE;SECRETARIA DE MINAS Y AMBIENTE;SECRETARIA DE MINAS Y AMBIENTE;De 1 a 10 Minutos;Buena;Buena;Buena;Si;Buena;Ninguna;27-59 Años (Adulto);Ninguna;Marina;Neme;MARINA NEME;Secretaria de Minas y ambiente;secretaria de minas y ambiente
11/30/2023 08:10:06 PM;Hombre;Rural;Sisben;Yilson Rojas;Sisben;SISBEN;SISBEN;SISBEN;De 10 a 20 Minutos;Buena;Buena;Buena;Si;Buena;Ninguna;27-59 Años (Adulto);Ninguna;Yilson;Rojas;YILSON ROJAS;Sisben;sisben
11/30/2023 05:04:20 PM;Hombre;Rural;Sisben;Yilson Rojas;Sisben;SISBEN;SISBEN;SISBEN;De 1 a 10 Minutos;Buena;Buena;Buena;Si;Buena;Ninguna;27-59 Años (Adulto);Ninguna;Yilson;Rojas;YILSON ROJAS;Sisben;sisben
11/30/2023 03:21:20 PM;Mujer;Rural;Sisben;Yilson Rojas;Sisben;SISBEN;SISBEN;SISBEN;De 1 a 10 Minutos;Buena;Buena;Buena;Si;Buena;Ninguna;27-59 Años (Adulto);Ninguna;Yilson;Rojas;YILSON ROJAS;Sisben;sisben
11/30/2023 03:18:22 PM;Mujer;Rural;Sisben;Yilson Rojas;Sisben;SISBEN;SISBEN;SISBEN;De 1 a 10 Minutos;Buena;Buena;Buena;Si;Buena;Ninguna;27-59 Años (Adulto);Ninguna;Yilson;Rojas;YILSON ROJAS;Sisben;sisben
11/29/2023 02:00:54 PM;Hombre;Rural;Comisaría de Familia;Nancy Rojas Nubia Carrillo;Comisaría de Familia;COMISARÍA DE FAMILIA;COMISARIA DE FAMILIA;COMISARIA DE FAMILIA;De 1 a 10 Minutos;Buena;Buena;Buena;Si;Buena;Ninguna;27-59 Años (Adulto);Ninguna;Nancy;Rojas;NANCY ROJAS;Comisaría de Familia;comisaría de familia
11/28/2023 04:31:58 PM;Hombre;Rural;Inspección de policia;Cristina Velasquez;Inspección de policia;INSPECCIÓN DE POLICIA;INSPECCION DE POLICIA;INSPECCION DE POLICIA;De 1 a 10 Minutos;Buena;Buena;Buena;Si;Buena;Ninguna;27-59 Años (Adulto);Ninguna;Cristina;Velasquez;CRISTINA VELASQUEZ;Inspección de policia;inspección de policia
11/27/2023 09:01:01 PM;Hombre;Rural;Secretaria de Planeación;Laura Calderon;Secretaria de Planeación;SECRETARIA DE PLANEACIÓN;SECRETARIA DE PLANEACION;SECRETARIA DE PLANEACION;1 hora o más;Buena;Buena;Buena;Si;Buena;Ninguna;27-59 Años (Adulto);Ninguna;Laura;Calderon;LAURA CALDERON;Secretaria de Planeación;secretaria de planeación
11/23/2023 04:50:39 PM;Hombre;Rural;Sisben;Yilson Rojas;Sisben;SISBEN;SISBEN;SISBEN;De 1 a 10 Minutos;Buena;Buena;Buena;Si;Buena;Ninguna;27-59 Años (Adulto);Ninguna;Yilson;Rojas;YILSON ROJAS;Sisben;sisben
11/22/2023 02:47:52 PM;Hombre;Rural;Sisben;Yilson Rojas;Sisben;SISBEN;SISBEN;SISBEN;De 1 a 10 Minutos;Buena;Buena;Buena;Si;Buena;Ninguna;27-59 Años (Adulto);Ninguna;Yilson;Rojas;YILSON ROJAS;Sisben;sisben
11/22/2023 02:30:22 PM;Mujer;Rural;Comisaría de Familia;Nancy Rojas Nubia Carrillo;Comisaría de Familia;COMISARÍA DE FAMILIA;COMISARIA DE FAMILIA;COMISARIA DE FAMILIA;De 1 a 10 Minutos;Buena;Buena;Buena;Si;Buena;Ninguna;27-59 Años (Adulto);Ninguna;Nancy;Rojas;NANCY ROJAS;Comisaría de Familia;comisaría de familia
11/21/2023 03:46:07 PM;Mujer;Rural;Sisben;Yilson Rojas;Sisben;SISBEN;SISBEN;SISBEN;De 20 a 30 Minutos;Buena;Buena;Buena;Si;Buena;Ninguna;27-59 Años (Adulto);Ninguna;Yilson;Rojas;YILSON ROJAS;Sisben;sisben
11/21/2023 02:37:19 PM;Hombre;Rural;Secretaria de Minas y ambiente;Marina Neme;Secretaria de Minas y ambiente;SECRETARIA DE MINAS Y AMBIENTE;SECRETARIA DE MINAS Y AMBIENTE;SECRETARIA DE MINAS Y AMBIENTE;De 1 a 10 Minutos;Buena;Buena;Buena;Si;Buena;Ninguna;27-59 Años (Adulto);Ninguna;Marina;Neme;MARINA NEME;Secretaria de Minas y ambiente;secretaria de minas y ambiente
11/21/2023 02:34:07 PM;Hombre;Rural;Inspección de policia;Cristina Velasquez;Inspección de policia;INSPECCIÓN DE POLICIA;INSPECCION DE POLICIA;INSPECCION DE POLICIA;De 1 a 10 Minutos;Buena;Buena;Buena;Si;Buena;Ninguna;27-59 Años (Adulto);Ninguna;Cristina;Velasquez;CRISTINA VELASQUEZ;Inspección de policia;inspección de policia
11/20/2023 02:41:54 PM;Mujer;Rural;Inspección de policia;Cristina Velasquez;Inspección de policia;INSPECCIÓN DE POLICIA;INSPECCION DE POLICIA;INSPECCION DE POLICIA;De 1 a 10 Minutos;Buena;Buena;Buena;Si;Buena;Ninguna;27-59 Años (Adulto);Ninguna;Cristina;Velasquez;CRISTINA VELASQUEZ;Inspección de policia;inspección de policia
11/17/2023 04:24:18 PM;Mujer;Rural;Comisaría de Familia;Nubia Carrillo;Comisaría de Familia;COMISARÍA DE FAMILIA;COMISARIA DE FAMILIA;COMISARIA DE FAMILIA;De 1 a 10 Minutos;Buena;Buena;Buena;Si;Buena;Ninguna;27-59 Años (Adulto);Ninguna;Nubia;Carrillo;NUBIA CARRILLO;Comisaría de Familia;comisaría de familia
11/17/2023 04:20:47 PM;Hombre;Rural;Inspección de policia;Cristina Velasquez;Inspección de policia;INSPECCIÓN DE POLICIA;INSPECCION DE POLICIA;INSPECCION DE POLICIA;De 1 a 10 Minutos;Buena;Buena;Buena;Si;Buena;Ninguna;27-59 Años (Adulto);Ninguna;Cristina;Velasquez;CRISTINA VELASQUEZ;Inspección de policia;inspección de policia
11/15/2023 09:10:40 PM;Mujer;Rural;Comisaría de Familia;Nancy Rojas Nubia carrillo;Comisaría de Familia;COMISARÍA DE FAMILIA;COMISARIA DE FAMILIA;COMISARIA DE FAMILIA;De 1 a 10 Minutos;Buena;Buena;Buena;Si;Buena;Ninguna;27-59 Años (Adulto);Ninguna;Nancy;Rojas;NANCY ROJAS;Comisaría de Familia;comisaría de familia
11/14/2023 05:20:24 PM;Hombre;Rural;Secretaria de Planeación;Laura Calderon;Secretaria de Planeación;SECRETARIA DE PLANEACIÓN;SECRETARIA DE PLANEACION;SECRETARIA DE PLANEACION;De 1 a 10 Minutos;Regular;Buena;Buena;Si;Mala;Ninguna;27-59 Años (Adulto);Ninguna;Laura;Calderon;LAURA CALDERON;Secretaria de Planeación;secretaria de planeación
11/14/2023 01:55:25 PM;Mujer;Rural;Comisaría de Familia;Nancy Rojas Nubia Carrillo;Comisaría de Familia;COMISARÍA DE FAMILIA;COMISARIA DE FAMILIA;COMISARIA DE FAMILIA;De 1 a 10 Minutos;Buena;Buena;Buena;Si;Buena;Ninguna;27-59 Años (Adulto);Ninguna;Nancy;Rojas;NANCY ROJAS;Comisaría de Familia;comisaría de familia
11/08/2023 21:32;Hombre;Rural;Sisben;Yilson Rojas;Sisben;SISBEN;SISBEN;SISBEN;De 1 a 10 Minutos;Buena;Buena;Buena;Si;Buena;Ninguna;27-59 Años (Adulto);Ninguna;Yilson;Rojas;YILSON ROJAS;Sisben;sisben
11/08/2023 16:35;Mujer;Rural;Secretaria de Hacienda;Nelly Perez;Secretaria de Hacienda;SECRETARIA DE HACIENDA;SECRETARIA DE HACIENDA;SECRETARIA DE HACIENDA;De 1 a 10 Minutos;Buena;Buena;Buena;Si;Buena;Ninguna;27-59 Años (Adulto);Ninguna;Nelly;Perez;NELLY PEREZ;Secretaria de Hacienda;secretaria de hacienda
11/08/2023 13:34;Mujer;Rural;Comisaría de Familia;Nubia Carrillo;Comisaría de Familia;COMISARÍA DE FAMILIA;COMISARIA DE FAMILIA;COMISARIA DE FAMILIA;De 1 a 10 Minutos;Buena;Buena;Buena;Si;Buena;Ninguna;27-59 Años (Adulto);Ninguna;Nubia;Carrillo;NUBIA CARRILLO;Comisaría de Familia;comisaría de familia
9/06/2023 15:44;Mujer;Rural;Comisaría de Familia;Nancy Rojas Nubia Carrillo;Comisaría de Familia;COMISARÍA DE FAMILIA;COMISARIA DE FAMILIA;COMISARIA DE FAMILIA;De 1 a 10 Minutos;Buena;Buena;Buena;Si;Buena;Ninguna;27-59 Años (Adulto);Ninguna;Nancy;Rojas;NANCY ROJAS;Comisaría de Familia;comisaría de familia
9/05/2023 15:26;Hombre;Rural;Secretaria de Salud;Jorge Bello;Secretaria de Salud;SECRETARIA DE SALUD;SECRETARIA DE SALUD;SECRETARIA DE SALUD;De 1 a 10 Minutos;Buena;Buena;Buena;Si;Buena;Ninguna;27-59 Años (Adulto);Ninguna;Jorge;Bello;JORGE BELLO;Secretaria de Salud;secretaria de salud
9/05/2023 14:54;Hombre;Rural;Sisben;Yilson Rojas;Sisben;SISBEN;SISBEN;SISBEN;1 hora o más;Buena;Buena;Buena;Si;Buena;Ninguna;27-59 Años (Adulto);Ninguna;Yilson;Rojas;YILSON ROJAS;Sisben;sisben
9/04/2023 20:58;Mujer;Rural;Comisaría de Familia;Nancy Rojas Nubia Carrillo;Comisaría de Familia;COMISARÍA DE FAMILIA;COMISARIA DE FAMILIA;COMISARIA DE FAMILIA;De 1 a 10 Minutos;Buena;Buena;Buena;Si;Buena;Ninguna;27-59 Años (Adulto);Ninguna;Nancy;Rojas;NANCY ROJAS;Comisaría de Familia;comisaría de familia
9/04/2023 20:55;Hombre;Rural;Inspección de policia;Crstina Velasquez;Inspección de policia;INSPECCIÓN DE POLICIA;INSPECCION DE POLICIA;INSPECCION DE POLICIA;De 1 a 10 Minutos;Buena;Buena;Buena;Si;Buena;Ninguna;27-59 Años (Adulto);Ninguna;Crstina;Velasquez;CRSTINA VELASQUEZ;Inspección de policia;inspección de policia
08/23/2023 04:54:58 PM;Mujer;Rural;Comisaría de Familia;Nancy Rojas Nubia Carrillo;Comisaría de Familia;COMISARÍA DE FAMILIA;COMISARIA DE FAMILIA;COMISARIA DE FAMILIA;De 1 a 10 Minutos;Buena;Buena;Buena;Si;Buena;Ninguna;27-59 Años (Adulto);Ninguna;Nancy;Rojas;NANCY ROJAS;Comisaría de Familia;comisaría de familia
08/14/2023 04:10:41 PM;Mujer;Urbana;Comisaría de Familia;Nancy Rojas Nubia Carrillo;Comisaría de Familia;COMISARÍA DE FAMILIA;COMISARIA DE FAMILIA;COMISARIA DE FAMILIA;De 1 a 10 Minutos;Buena;Buena;Buena;Si;Buena;Ninguna;27-59 Años (Adulto);Ninguna;Nancy;Rojas;NANCY ROJAS;Comisaría de Familia;comisaría de familia
08/14/2023 04:05:27 PM;Mujer;Urbana;Secretaria de Hacienda;Nelly Perez;Secretaria de Hacienda;SECRETARIA DE HACIENDA;SECRETARIA DE HACIENDA;SECRETARIA DE HACIENDA;De 1 a 10 Minutos;Buena;Buena;Buena;Si;Buena;Ninguna;27-59 Años (Adulto);Ninguna;Nelly;Perez;NELLY PEREZ;Secretaria de Hacienda;secretaria de hacienda
07/28/2023 03:05:08 PM;Mujer;Rural;Sisben;Yilson Rojas;Sisben;SISBEN;SISBEN;SISBEN;De 20 a 30 Minutos;Buena;Buena;Buena;Si;Buena;Ninguna;27-59 Años (Adulto);Ninguna;Yilson;Rojas;YILSON ROJAS;Sisben;sisben
07/27/2023 02:51:36 PM;Mujer;Rural;Secretaria de Minas y ambiente;Marina Neme;Secretaria de Minas y ambiente;SECRETARIA DE MINAS Y AMBIENTE;SECRETARIA DE MINAS Y AMBIENTE;SECRETARIA DE MINAS Y AMBIENTE;De 1 a 10 Minutos;Buena;Buena;Buena;Si;Buena;Ninguna;27-59 Años (Adulto);Ninguna;Marina;Neme;MARINA NEME;Secretaria de Minas y ambiente;secretaria de minas y ambiente
07/24/2023 05:17:06 PM;Hombre;Urbana;Inspección de policia;Alfonso Ahumada;Inspección de policia;INSPECCIÓN DE POLICIA;INSPECCION DE POLICIA;INSPECCION DE POLICIA;De 1 a 10 Minutos;Buena;Buena;Buena;Si;Buena;Ninguna;27-59 Años (Adulto);Ninguna;Alfonso;Ahumada;ALFONSO AHUMADA;Inspección de policia;inspección de policia
07/21/2023 02:35:22 PM;Mujer;Rural;Sisben;Yilson Rojas;Sisben;SISBEN;SISBEN;SISBEN;De 10 a 20 Minutos;Buena;Buena;Buena;Si;Buena;Ninguna;27-59 Años (Adulto);Ninguna;Yilson;Rojas;YILSON ROJAS;Sisben;sisben
07/13/2023 09:14:06 PM;Hombre;Ubate;Comisaría de Familia;Nancy Rojas Nubia Carrillo;Comisaría de Familia;COMISARÍA DE FAMILIA;COMISARIA DE FAMILIA;COMISARIA DE FAMILIA;De 1 a 10 Minutos;Buena;Buena;Buena;Si;Buena;Ninguna;27-59 Años (Adulto);Ninguna;Nancy;Rojas;NANCY ROJAS;Comisaría de Familia;comisaría de familia
07/13/2023 03:59:35 PM;Hombre;Rural;Secretaria de Hacienda;Nelly Perez;Secretaria de Hacienda;SECRETARIA DE HACIENDA;SECRETARIA DE HACIENDA;SECRETARIA DE HACIENDA;De 1 a 10 Minutos;Buena;Buena;Buena;Si;Buena;Ninguna;27-59 Años (Adulto);Ninguna;Nelly;Perez;NELLY PEREZ;Secretaria de Hacienda;secretaria de hacienda
07/13/2023 03:34:53 PM;Mujer;Rural;Comisaría de Familia;Nancy Rojas Nubia carrillo;Comisaría de Familia;COMISARÍA DE FAMILIA;COMISARIA DE FAMILIA;COMISARIA DE FAMILIA;De 1 a 10 Minutos;Buena;Buena;Buena;Si;Buena;Ninguna;27-59 Años (Adulto);Ninguna;Nancy;Rojas;NANCY ROJAS;Comisaría de Familia;comisaría de familia
07/13/2023 03:28:41 PM;Mujer;Rural;Secretaria de Salud;Jorge Bello;Secretaria de Salud;SECRETARIA DE SALUD;SECRETARIA DE SALUD;SECRETARIA DE SALUD;De 1 a 10 Minutos;Buena;Buena;Buena;Si;Buena;Ninguna;27-59 Años (Adulto);Ninguna;Jorge;Bello;JORGE BELLO;Secretaria de Salud;secretaria de salud
7/12/2023 15:53;Hombre;Rural;Comisaría de Familia;Nancy Rojas Nubia Carrillo;Comisaría de Familia;COMISARÍA DE FAMILIA;COMISARIA DE FAMILIA;COMISARIA DE FAMILIA;De 1 a 10 Minutos;Buena;Buena;Buena;Si;Buena;Ninguna;27-59 Años (Adulto);Ninguna;Nancy;Rojas;NANCY ROJAS;Comisaría de Familia;comisaría de familia
7/10/2023 18:47;Mujer;Rural;Comisaría de Familia;Nancy Rojas Nubia Carrillo;Comisaría de Familia;COMISARÍA DE FAMILIA;COMISARIA DE FAMILIA;COMISARIA DE FAMILIA;De 1 a 10 Minutos;Buena;Buena;Buena;Si;Buena;Ninguna;27-59 Años (Adulto);Ninguna;Nancy;Rojas;NANCY ROJAS;Comisaría de Familia;comisaría de familia
7/10/2023 15:09;Hombre;Rural;Sisben;Yilson Rojas;Sisben;SISBEN;SISBEN;SISBEN;De 10 a 20 Minutos;Buena;Buena;Buena;Si;Buena;Ninguna;27-59 Años (Adulto);Ninguna;Yilson;Rojas;YILSON ROJAS;Sisben;sisben
7/10/2023 14:49;Mujer;Rural;Inspección de policia;Alfonso Ahumada;Inspección de policia;INSPECCIÓN DE POLICIA;INSPECCION DE POLICIA;INSPECCION DE POLICIA;De 1 a 10 Minutos;Buena;Buena;Buena;Si;Buena;Ninguna;27-59 Años (Adulto);Ninguna;Alfonso;Ahumada;ALFONSO AHUMADA;Inspección de policia;inspección de policia
7/05/2023 17:24;Mujer;Rural;Secretaria de Salud;Carolina Perez;Secretaria de Salud;SECRETARIA DE SALUD;SECRETARIA DE SALUD;SECRETARIA DE SALUD;De 1 a 10 Minutos;Buena;Buena;Buena;Si;Buena;Ninguna;27-59 Años (Adulto);Ninguna;Carolina;Perez;CAROLINA PEREZ;Secretaria de Salud;secretaria de salud
06/27/2023 03:34:34 PM;Mujer;Rural;Secretaria de Hacienda;Nelly Perez;Secretaria de Hacienda;SECRETARIA DE HACIENDA;SECRETARIA DE HACIENDA;SECRETARIA DE HACIENDA;De 1 a 10 Minutos;Buena;Buena;Buena;Si;Buena;Ninguna;27-59 Años (Adulto);Ninguna;Nelly;Perez;NELLY PEREZ;Secretaria de Hacienda;secretaria de hacienda
06/27/2023 03:23:32 PM;Mujer;Rural;Comisaría de Familia;Nancy Rojas Nubia Carrillo;Comisaría de Familia;COMISARÍA DE FAMILIA;COMISARIA DE FAMILIA;COMISARIA DE FAMILIA;De 1 a 10 Minutos;Buena;Buena;Buena;Si;Buena;Ninguna;27-59 Años (Adulto);Ninguna;Nancy;Rojas;NANCY ROJAS;Comisaría de Familia;comisaría de familia
06/15/2023 04:06:11 PM;Mujer;Rural;Comisaría de Familia;Nancy Rojas Nubia Carrillo     ;Comisaría de Familia;COMISARÍA DE FAMILIA;COMISARIA DE FAMILIA;COMISARIA DE FAMILIA;De 1 a 10 Minutos;Buena;Buena;Buena;Si;Buena;Ninguna;27-59 Años (Adulto);Ninguna;Nancy;Rojas;NANCY ROJAS;Comisaría de Familia;comisaría de familia
06/15/2023 02:51:56 PM;Hombre;Rural;Sisben;Yilson Rojas    ;Sisben;SISBEN;SISBEN;SISBEN;De 1 a 10 Minutos;Buena;Buena;Buena;Si;Buena;Ninguna;27-59 Años (Adulto);Ninguna;Yilson;Rojas    ;YILSON ROJAS    ;Sisben;sisben
06/14/2023 03:27:50 PM;Hombre;Rural;Sisben;Yilson Rojas    ;Sisben;SISBEN;SISBEN;SISBEN;De 1 a 10 Minutos;Buena;Buena;Buena;Si;Buena;Ninguna;27-59 Años (Adulto);Ninguna;Yilson;Rojas    ;YILSON ROJAS    ;Sisben;sisben
6/07/2023 15:22;Hombre;Rural;Inspección de policia;Alfonso Ahumada;Inspección de policia;INSPECCIÓN DE POLICIA;INSPECCION DE POLICIA;INSPECCION DE POLICIA;De 1 a 10 Minutos;Buena;Buena;Buena;Si;Buena;Ninguna;27-59 Años (Adulto);Ninguna;Alfonso;Ahumada;ALFONSO AHUMADA;Inspección de policia;inspección de policia
05/31/2023 06:48:17 PM;Mujer;Rural;Secretaria de Salud;Sonia Velosa;Secretaria de Salud;SECRETARIA DE SALUD;SECRETARIA DE SALUD;SECRETARIA DE SALUD;De 1 a 10 Minutos;Buena;Buena;Buena;Si;Buena;Ninguna;27-59 Años (Adulto);Ninguna;Sonia;Velosa;SONIA VELOSA;Secretaria de Salud;secretaria de salud
05/30/2023 02:41:48 PM;Mujer;Rural;Sisben;Yilson Rojas;Sisben;SISBEN;SISBEN;SISBEN;De 20 a 30 Minutos;Buena;Buena;Buena;Si;Buena;Ninguna;27-59 Años (Adulto);Ninguna;Yilson;Rojas;YILSON ROJAS;Sisben;sisben
05/30/2023 02:20:28 PM;Mujer;Rural;Secretaria de Salud;Jorge Bello;Secretaria de Salud;SECRETARIA DE SALUD;SECRETARIA DE SALUD;SECRETARIA DE SALUD;De 1 a 10 Minutos;Buena;Buena;Buena;Si;Buena;Ninguna;27-59 Años (Adulto);Ninguna;Jorge;Bello;JORGE BELLO;Secretaria de Salud;secretaria de salud
05/25/2023 05:22:19 PM;Hombre;ubate;Secretaria de Planeación;Laura calderon;Secretaria de Planeación;SECRETARIA DE PLANEACIÓN;SECRETARIA DE PLANEACION;SECRETARIA DE PLANEACION;De 1 a 10 Minutos;Buena;Buena;Buena;Si;Buena;Ninguna;27-59 Años (Adulto);Ninguna;Laura;calderon;LAURA CALDERON;Secretaria de Planeación;secretaria de planeación
05/25/2023 05:19:42 PM;Hombre;Rural;Comisaría de Familia;Nancy Rojas Nubia Carrillo;Comisaría de Familia;COMISARÍA DE FAMILIA;COMISARIA DE FAMILIA;COMISARIA DE FAMILIA;De 1 a 10 Minutos;Buena;Buena;Buena;Si;Buena;Ninguna;27-59 Años (Adulto);Ninguna;Nancy;Rojas;NANCY ROJAS;Comisaría de Familia;comisaría de familia
05/25/2023 04:36:55 PM;Hombre;Rural;Sisben;Yilson Rojas;Sisben;SISBEN;SISBEN;SISBEN;De 1 a 10 Minutos;Buena;Buena;Buena;Si;Buena;Ninguna;27-59 Años (Adulto);Ninguna;Yilson;Rojas;YILSON ROJAS;Sisben;sisben
05/24/2023 06:33:02 PM;Hombre;Rural;Secretaria de Hacienda;Nelly Perez;Secretaria de Hacienda;SECRETARIA DE HACIENDA;SECRETARIA DE HACIENDA;SECRETARIA DE HACIENDA;De 1 a 10 Minutos;Buena;Buena;Buena;Si;Buena;Ninguna;27-59 Años (Adulto);Ninguna;Nelly;Perez;NELLY PEREZ;Secretaria de Hacienda;secretaria de hacienda
05/23/2023 09:40:44 PM;Hombre;Rural;Inspección de policia;Alfonso Ahumada;Inspección de policia;INSPECCIÓN DE POLICIA;INSPECCION DE POLICIA;INSPECCION DE POLICIA;De 1 a 10 Minutos;Buena;Buena;Buena;Si;Buena;Ninguna;27-59 Años (Adulto);Ninguna;Alfonso;Ahumada;ALFONSO AHUMADA;Inspección de policia;inspección de policia
05/23/2023 08:25:23 PM;Hombre;Rural;Secretaria de Minas y ambiente;Marina Neme;Secretaria de Minas y ambiente;SECRETARIA DE MINAS Y AMBIENTE;SECRETARIA DE MINAS Y AMBIENTE;SECRETARIA DE MINAS Y AMBIENTE;De 1 a 10 Minutos;Buena;Buena;Buena;Si;Buena;Ninguna;27-59 Años (Adulto);Ninguna;Marina;Neme;MARINA NEME;Secretaria de Minas y ambiente;secretaria de minas y ambiente
05/17/2023 03:47:09 PM;Mujer;Rural;Sisben;Yilson Rojas;Sisben;SISBEN;SISBEN;SISBEN;De 1 a 10 Minutos;Buena;Buena;Buena;Si;Buena;Ninguna;27-59 Años (Adulto);Ninguna;Yilson;Rojas;YILSON ROJAS;Sisben;sisben
05/16/2023 02:54:58 PM;Mujer;Rural;Sisben;Yilson Rojas;Sisben;SISBEN;SISBEN;SISBEN;De 1 a 10 Minutos;Buena;Buena;Buena;Si;Buena;Ninguna;27-59 Años (Adulto);Ninguna;Yilson;Rojas;YILSON ROJAS;Sisben;sisben
05/15/2023 09:17:24 PM;Hombre;Rural;Secretaria de cultura y deportes;Cristian Castro;Secretaria de cultura y deportes;SECRETARIA DE CULTURA Y DEPORTES;SECRETARIA DE CULTURA Y DEPORTES;SECRETARIA DE CULTURA Y DEPORTES;De 1 a 10 Minutos;Buena;Buena;Buena;Si;Buena;Ninguna;27-59 Años (Adulto);Ninguna;Cristian;Castro;CRISTIAN CASTRO;Secretaria de cultura y deportes;secretaria de cultura y deportes
5/12/2023 15:59;Mujer;Rural;Secretaria de Salud;Sonia Veloza;Secretaria de Salud;SECRETARIA DE SALUD;SECRETARIA DE SALUD;SECRETARIA DE SALUD;De 1 a 10 Minutos;Buena;Buena;Buena;Si;Buena;Ninguna;27-59 Años (Adulto);Ninguna;Sonia;Veloza;SONIA VELOZA;Secretaria de Salud;secretaria de salud
5/12/2023 15:18;Hombre;Rural;Sisben;Yilson Rojas;Sisben;SISBEN;SISBEN;SISBEN;De 1 a 10 Minutos;Buena;Buena;Buena;Si;Buena;Ninguna;27-59 Años (Adulto);Ninguna;Yilson;Rojas;YILSON ROJAS;Sisben;sisben
5/12/2023 15:08;Mujer;Rural;Sisben;Yilson Rojas;Sisben;SISBEN;SISBEN;SISBEN;De 1 a 10 Minutos;Buena;Buena;Buena;Si;Buena;Ninguna;27-59 Años (Adulto);Ninguna;Yilson;Rojas;YILSON ROJAS;Sisben;sisben
5/11/2023 18:24;Hombre;Rural;Secretaria de Hacienda;Nelly Perez;Secretaria de Hacienda;SECRETARIA DE HACIENDA;SECRETARIA DE HACIENDA;SECRETARIA DE HACIENDA;De 1 a 10 Minutos;Buena;Buena;Buena;Si;Buena;Ninguna;27-59 Años (Adulto);Ninguna;Nelly;Perez;NELLY PEREZ;Secretaria de Hacienda;secretaria de hacienda
5/11/2023 15:42;Hombre;Rural;Secretaria de Hacienda;Nelly Perez;Secretaria de Hacienda;SECRETARIA DE HACIENDA;SECRETARIA DE HACIENDA;SECRETARIA DE HACIENDA;De 1 a 10 Minutos;Buena;Buena;Buena;Si;Buena;Ninguna;27-59 Años (Adulto);Ninguna;Nelly;Perez;NELLY PEREZ;Secretaria de Hacienda;secretaria de hacienda
5/11/2023 15:10;Mujer;Rural;Sisben;Yilson Rojas;Sisben;SISBEN;SISBEN;SISBEN;De 1 a 10 Minutos;Buena;Buena;Buena;Si;Buena;Ninguna;27-59 Años (Adulto);Ninguna;Yilson;Rojas;YILSON ROJAS;Sisben;sisben
5/09/2023 17:20;Mujer;Rural;Secretaria de Salud;Carolina Perez;Secretaria de Salud;SECRETARIA DE SALUD;SECRETARIA DE SALUD;SECRETARIA DE SALUD;De 1 a 10 Minutos;Buena;Buena;Buena;Si;Buena;Ninguna;27-59 Años (Adulto);Ninguna;Carolina;Perez;CAROLINA PEREZ;Secretaria de Salud;secretaria de salud
5/09/2023 16:57;Mujer;Rural;Comisaría de Familia;Nancy Rojas;Comisaría de Familia;COMISARÍA DE FAMILIA;COMISARIA DE FAMILIA;COMISARIA DE FAMILIA;De 1 a 10 Minutos;Buena;Buena;Buena;Si;Buena;Ninguna;27-59 Años (Adulto);Ninguna;Nancy;Rojas;NANCY ROJAS;Comisaría de Familia;comisaría de familia
5/09/2023 15:37;Mujer;Rural;Secretaria de Salud;Jorge Bello;Secretaria de Salud;SECRETARIA DE SALUD;SECRETARIA DE SALUD;SECRETARIA DE SALUD;De 1 a 10 Minutos;Buena;Buena;Buena;Si;Buena;Ninguna;27-59 Años (Adulto);Ninguna;Jorge;Bello;JORGE BELLO;Secretaria de Salud;secretaria de salud
5/09/2023 15:27;Hombre;Rural;Secretaria de Planeación;Laura calderon;Secretaria de Planeación;SECRETARIA DE PLANEACIÓN;SECRETARIA DE PLANEACION;SECRETARIA DE PLANEACION;De 1 a 10 Minutos;Buena;Buena;Buena;Si;Buena;Ninguna;27-59 Años (Adulto);Ninguna;Laura;calderon;LAURA CALDERON;Secretaria de Planeación;secretaria de planeación
5/09/2023 14:57;Hombre;Rural;Sisben;Yilson Rojas;Sisben;SISBEN;SISBEN;SISBEN;De 1 a 10 Minutos;Buena;Buena;Buena;Si;Buena;Ninguna;27-59 Años (Adulto);Ninguna;Yilson;Rojas;YILSON ROJAS;Sisben;sisben
5/05/2023 22:44;Hombre;Urbana;Secretaria de Planeación;Laura calderon;Secretaria de Planeación;SECRETARIA DE PLANEACIÓN;SECRETARIA DE PLANEACION;SECRETARIA DE PLANEACION;De 1 a 10 Minutos;Buena;Buena;Buena;Si;Buena;Ninguna;27-59 Años (Adulto);Ninguna;Laura;calderon;LAURA CALDERON;Secretaria de Planeación;secretaria de planeación
5/05/2023 18:13;Mujer;Rural;Sisben;Yilson rojas;Sisben;SISBEN;SISBEN;SISBEN;De 1 a 10 Minutos;Buena;Buena;Buena;Si;Buena;Ninguna;27-59 Años (Adulto);Ninguna;Yilson;rojas;YILSON ROJAS;Sisben;sisben
5/05/2023 17:03;Hombre;Rural;Secretaria de Hacienda;Nelly perez;Secretaria de Hacienda;SECRETARIA DE HACIENDA;SECRETARIA DE HACIENDA;SECRETARIA DE HACIENDA;De 1 a 10 Minutos;Buena;Buena;Buena;Si;Buena;Ninguna;27-59 Años (Adulto);Ninguna;Nelly;perez;NELLY PEREZ;Secretaria de Hacienda;secretaria de hacienda
5/05/2023 16:53;Mujer;Rural;Secretaria de Hacienda;Nelly Perez;Secretaria de Hacienda;SECRETARIA DE HACIENDA;SECRETARIA DE HACIENDA;SECRETARIA DE HACIENDA;De 1 a 10 Minutos;Buena;Buena;Buena;Si;Buena;Ninguna;27-59 Años (Adulto);Ninguna;Nelly;Perez;NELLY PEREZ;Secretaria de Hacienda;secretaria de hacienda
5/03/2023 22:52;Mujer;Rural;Sisben;Yilson Rojas;Sisben;SISBEN;SISBEN;SISBEN;De 10 a 20 Minutos;Buena;Buena;Buena;Si;Buena;Ninguna;27-59 Años (Adulto);Ninguna;Yilson;Rojas;YILSON ROJAS;Sisben;sisben
5/03/2023 22:09;Mujer;Rural;Sisben;Yilson Rojas;Sisben;SISBEN;SISBEN;SISBEN;De 1 a 10 Minutos;Buena;Buena;Buena;Si;Buena;Ninguna;27-59 Años (Adulto);Ninguna;Yilson;Rojas;YILSON ROJAS;Sisben;sisben
5/03/2023 18:57;Hombre;Rural;Secretaria de Hacienda;Nelly Perez;Secretaria de Hacienda;SECRETARIA DE HACIENDA;SECRETARIA DE HACIENDA;SECRETARIA DE HACIENDA;De 1 a 10 Minutos;Buena;Buena;Buena;Si;Buena;Ninguna;27-59 Años (Adulto);Ninguna;Nelly;Perez;NELLY PEREZ;Secretaria de Hacienda;secretaria de hacienda
5/03/2023 17:40;Mujer;Rural;Sisben;Yilson Rojas;Sisben;SISBEN;SISBEN;SISBEN;De 10 a 20 Minutos;Buena;Buena;Buena;Si;Buena;Ninguna;27-59 Años (Adulto);Ninguna;Yilson;Rojas;YILSON ROJAS;Sisben;sisben
5/03/2023 16:03;Hombre;Rural;Secretaria de Salud;Carolina Perez;Secretaria de Salud;SECRETARIA DE SALUD;SECRETARIA DE SALUD;SECRETARIA DE SALUD;De 10 a 20 Minutos;Buena;Buena;Buena;Si;Buena;Ninguna;27-59 Años (Adulto);Ninguna;Carolina;Perez;CAROLINA PEREZ;Secretaria de Salud;secretaria de salud
5/03/2023 15:48;Mujer;Rural;Despacho Alcaldia;Xiomara Rodriguez;Despacho Alcaldia;DESPACHO ALCALDIA;DESPACHO ALCALDIA;DESPACHO ALCALDIA;De 1 a 10 Minutos;Buena;Buena;Buena;Si;Buena;Ninguna;27-59 Años (Adulto);Ninguna;Xiomara;Rodriguez;XIOMARA RODRIGUEZ;Despacho Alcaldia;despacho alcaldia
5/02/2023 21:02;Hombre;Rural;Sisben;Yilson Rojas;Sisben;SISBEN;SISBEN;SISBEN;De 1 a 10 Minutos;Buena;Buena;Buena;Si;Buena;Ninguna;27-59 Años (Adulto);Ninguna;Yilson;Rojas;YILSON ROJAS;Sisben;sisben
5/02/2023 20:49;Mujer;Rural;Sisben;Yilson Rojas;Sisben;SISBEN;SISBEN;SISBEN;De 1 a 10 Minutos;Buena;Buena;Buena;Si;Buena;Ninguna;27-59 Años (Adulto);Ninguna;Yilson;Rojas;YILSON ROJAS;Sisben;sisben
5/02/2023 16:43;Hombre;Rural;Secretaria de Planeación;Laura calderon;Secretaria de Planeación;SECRETARIA DE PLANEACIÓN;SECRETARIA DE PLANEACION;SECRETARIA DE PLANEACION;De 10 a 20 Minutos;Buena;Buena;Buena;Si;Buena;Ninguna;27-59 Años (Adulto);Ninguna;Laura;calderon;LAURA CALDERON;Secretaria de Planeación;secretaria de planeación
5/02/2023 16:39;Hombre;Rural;Inspección de policia;Alfonso Ahumada;Inspección de policia;INSPECCIÓN DE POLICIA;INSPECCION DE POLICIA;INSPECCION DE POLICIA;De 1 a 10 Minutos;Buena;Buena;Buena;Si;Buena;Ninguna;27-59 Años (Adulto);Ninguna;Alfonso;Ahumada;ALFONSO AHUMADA;Inspección de policia;inspección de policia
5/02/2023 15:34;Mujer;Rural;Sisben;Yilson Rojas;Sisben;SISBEN;SISBEN;SISBEN;De 1 a 10 Minutos;Buena;Buena;Buena;Si;Buena;Ninguna;27-59 Años (Adulto);Ninguna;Yilson;Rojas;YILSON ROJAS;Sisben;sisben
5/02/2023 15:12;Mujer;Rural;Secretaria de Hacienda;Nelly perez;Secretaria de Hacienda;SECRETARIA DE HACIENDA;SECRETARIA DE HACIENDA;SECRETARIA DE HACIENDA;De 1 a 10 Minutos;Buena;Buena;Buena;Si;Buena;Ninguna;27-59 Años (Adulto);Ninguna;Nelly;perez;NELLY PEREZ;Secretaria de Hacienda;secretaria de hacienda
5/02/2023 15:09;Hombre;Rural;Secretaria de Salud;Carolina perez;Secretaria de Salud;SECRETARIA DE SALUD;SECRETARIA DE SALUD;SECRETARIA DE SALUD;De 1 a 10 Minutos;Buena;Buena;Buena;Si;Buena;Ninguna;27-59 Años (Adulto);Ninguna;Carolina;perez;CAROLINA PEREZ;Secretaria de Salud;secretaria de salud
04/28/2023 08:34:35 PM;Hombre;Urbana;Secretaria de cultura y deportes;Cristian Castro;Secretaria de cultura y deportes;SECRETARIA DE CULTURA Y DEPORTES;SECRETARIA DE CULTURA Y DEPORTES;SECRETARIA DE CULTURA Y DEPORTES;De 1 a 10 Minutos;Buena;Buena;Buena;Si;Buena;Ninguna;27-59 Años (Adulto);Ninguna;Cristian;Castro;CRISTIAN CASTRO;Secretaria de cultura y deportes;secretaria de cultura y deportes
04/27/2023 06:50:51 PM;Hombre;Rural;Secretaria de Planeación;Laura calderon;Secretaria de Planeación;SECRETARIA DE PLANEACIÓN;SECRETARIA DE PLANEACION;SECRETARIA DE PLANEACION;De 1 a 10 Minutos;Buena;Buena;Buena;Si;Buena;Ninguna;27-59 Años (Adulto);Ninguna;Laura;calderon;LAURA CALDERON;Secretaria de Planeación;secretaria de planeación
04/27/2023 06:44:10 PM;Hombre;Rural;Secretaria de Hacienda;Fabian castillo;Secretaria de Hacienda;SECRETARIA DE HACIENDA;SECRETARIA DE HACIENDA;SECRETARIA DE HACIENDA;De 1 a 10 Minutos;Buena;Buena;Buena;Si;Buena;Ninguna;27-59 Años (Adulto);Ninguna;Fabian;castillo;FABIAN CASTILLO;Secretaria de Hacienda;secretaria de hacienda
04/26/2023 05:11:23 PM;Mujer;Urbana;Sisben;Yilson Rojas;Sisben;SISBEN;SISBEN;SISBEN;De 1 a 10 Minutos;Buena;Buena;Buena;Si;Buena;Ninguna;27-59 Años (Adulto);Ninguna;Yilson;Rojas;YILSON ROJAS;Sisben;sisben
04/26/2023 03:51:38 PM;Mujer;Rural;Comisaría de Familia;Nancy Rojas Nubia Carrillo;Comisaría de Familia;COMISARÍA DE FAMILIA;COMISARIA DE FAMILIA;COMISARIA DE FAMILIA;De 1 a 10 Minutos;Buena;Buena;Buena;Si;Buena;Ninguna;27-59 Años (Adulto);Ninguna;Nancy;Rojas;NANCY ROJAS;Comisaría de Familia;comisaría de familia
04/26/2023 02:44:14 PM;Mujer;Rural;Secretaria de Hacienda;Nelly Perez;Secretaria de Hacienda;SECRETARIA DE HACIENDA;SECRETARIA DE HACIENDA;SECRETARIA DE HACIENDA;De 1 a 10 Minutos;Buena;Buena;Buena;Si;Buena;Ninguna;27-59 Años (Adulto);Ninguna;Nelly;Perez;NELLY PEREZ;Secretaria de Hacienda;secretaria de hacienda
04/21/2023 04:30:02 PM;Mujer;Rural;Sisben;Yilson Rojas;Sisben;SISBEN;SISBEN;SISBEN;De 1 a 10 Minutos;Buena;Buena;Buena;Si;Buena;Ninguna;27-59 Años (Adulto);Ninguna;Yilson;Rojas;YILSON ROJAS;Sisben;sisben
04/18/2023 03:27:00 PM;Mujer;Rural;Sisben;Yilson Rojas;Sisben;SISBEN;SISBEN;SISBEN;De 1 a 10 Minutos;Buena;Buena;Buena;Si;Buena;Ninguna;27-59 Años (Adulto);Ninguna;Yilson;Rojas;YILSON ROJAS;Sisben;sisben
04/17/2023 08:33:47 PM;Hombre;Rural;Secretaria de Minas y ambiente;Marina Neme;Secretaria de Minas y ambiente;SECRETARIA DE MINAS Y AMBIENTE;SECRETARIA DE MINAS Y AMBIENTE;SECRETARIA DE MINAS Y AMBIENTE;De 1 a 10 Minutos;Buena;Buena;Buena;Si;Buena;Ninguna;27-59 Años (Adulto);Ninguna;Marina;Neme;MARINA NEME;Secretaria de Minas y ambiente;secretaria de minas y ambiente
04/17/2023 05:57:40 PM;Mujer;Rural;Secretaria de Hacienda;Nelly Perez;Secretaria de Hacienda;SECRETARIA DE HACIENDA;SECRETARIA DE HACIENDA;SECRETARIA DE HACIENDA;De 1 a 10 Minutos;Buena;Buena;Buena;Si;Buena;Ninguna;27-59 Años (Adulto);Ninguna;Nelly;Perez;NELLY PEREZ;Secretaria de Hacienda;secretaria de hacienda
04/17/2023 04:26:01 PM;Hombre;Rural;Inspección de policia;Alfonso Ahumada;Inspección de policia;INSPECCIÓN DE POLICIA;INSPECCION DE POLICIA;INSPECCION DE POLICIA;De 1 a 10 Minutos;Buena;Buena;Buena;Si;Buena;Ninguna;27-59 Años (Adulto);Ninguna;Alfonso;Ahumada;ALFONSO AHUMADA;Inspección de policia;inspección de policia
4/11/2023 15:43;Hombre;Rural;Secretaria de Salud;Jorge Bello;Secretaria de Salud;SECRETARIA DE SALUD;SECRETARIA DE SALUD;SECRETARIA DE SALUD;De 1 a 10 Minutos;Buena;Buena;Buena;Si;Buena;Ninguna;27-59 Años (Adulto);Ninguna;Jorge;Bello;JORGE BELLO;Secretaria de Salud;secretaria de salud
4/11/2023 14:57;Mujer;Rural;Comisaría de Familia;Nancy Rojas Nubia Carrillo;Comisaría de Familia;COMISARÍA DE FAMILIA;COMISARIA DE FAMILIA;COMISARIA DE FAMILIA;De 1 a 10 Minutos;Buena;Buena;Buena;Si;Buena;Ninguna;27-59 Años (Adulto);Ninguna;Nancy;Rojas;NANCY ROJAS;Comisaría de Familia;comisaría de familia
4/03/2023 15:11;Mujer;Rural;Sisben;Yilson Rojas;Sisben;SISBEN;SISBEN;SISBEN;De 10 a 20 Minutos;Buena;Buena;Buena;Si;Buena;Ninguna;27-59 Años (Adulto);Ninguna;Yilson;Rojas;YILSON ROJAS;Sisben;sisben
4/03/2023 14:53;Mujer;Rural;Secretaria de Salud;Jorge Bello;Secretaria de Salud;SECRETARIA DE SALUD;SECRETARIA DE SALUD;SECRETARIA DE SALUD;De 1 a 10 Minutos;Buena;Buena;Buena;Si;Buena;Ninguna;27-59 Años (Adulto);Ninguna;Jorge;Bello;JORGE BELLO;Secretaria de Salud;secretaria de salud
03/30/2023 03:03:49 PM;Hombre;Rural;Secretaria de Planeación;Laura Calderon;Secretaria de Planeación;SECRETARIA DE PLANEACIÓN;SECRETARIA DE PLANEACION;SECRETARIA DE PLANEACION;De 1 a 10 Minutos;Buena;Buena;Buena;Si;Buena;Ninguna;27-59 Años (Adulto);Ninguna;Laura;Calderon;LAURA CALDERON;Secretaria de Planeación;secretaria de planeación
03/29/2023 09:31:48 PM;Hombre;Rural;Secretaria de Hacienda;Nelly Pererez;Secretaria de Hacienda;SECRETARIA DE HACIENDA;SECRETARIA DE HACIENDA;SECRETARIA DE HACIENDA;De 1 a 10 Minutos;Buena;Buena;Buena;Si;Buena;Ninguna;18-26 Años (Juventud);Ninguna;Nelly;Pererez;NELLY PEREREZ;Secretaria de Hacienda;secretaria de hacienda
03/29/2023 05:36:37 PM;Mujer;Rural;Comisaría de Familia;Nancy Rojas Nubia Carrillo;Comisaría de Familia;COMISARÍA DE FAMILIA;COMISARIA DE FAMILIA;COMISARIA DE FAMILIA;De 1 a 10 Minutos;Buena;Buena;Buena;Si;Buena;Ninguna;27-59 Años (Adulto);Ninguna;Nancy;Rojas;NANCY ROJAS;Comisaría de Familia;comisaría de familia
03/29/2023 05:30:07 PM;Mujer;Rural;Sisben;Yilson Rojas;Sisben;SISBEN;SISBEN;SISBEN;De 10 a 20 Minutos;Buena;Buena;Buena;Si;Buena;Ninguna;27-59 Años (Adulto);Ninguna;Yilson;Rojas;YILSON ROJAS;Sisben;sisben
03/23/2023 05:03:05 PM;Mujer;Rural;Secretaria de Minas y ambiente;Marina Neme;Secretaria de Minas y ambiente;SECRETARIA DE MINAS Y AMBIENTE;SECRETARIA DE MINAS Y AMBIENTE;SECRETARIA DE MINAS Y AMBIENTE;De 1 a 10 Minutos;Buena;Buena;Buena;Si;Buena;Ninguna;27-59 Años (Adulto);Ninguna;Marina;Neme;MARINA NEME;Secretaria de Minas y ambiente;secretaria de minas y ambiente
03/23/2023 03:35:58 PM;Mujer;Rural;Inspección de policia;Alfonso Ahumada;Inspección de policia;INSPECCIÓN DE POLICIA;INSPECCION DE POLICIA;INSPECCION DE POLICIA;De 1 a 10 Minutos;Buena;Buena;Buena;Si;Buena;Ninguna;27-59 Años (Adulto);Ninguna;Alfonso;Ahumada;ALFONSO AHUMADA;Inspección de policia;inspección de policia
03/23/2023 03:32:11 PM;Mujer;Rural;Comisaría de Familia;Nancy Rojas;Comisaría de Familia;COMISARÍA DE FAMILIA;COMISARIA DE FAMILIA;COMISARIA DE FAMILIA;De 1 a 10 Minutos;Buena;Buena;Buena;Si;Buena;Ninguna;27-59 Años (Adulto);Ninguna;Nancy;Rojas;NANCY ROJAS;Comisaría de Familia;comisaría de familia
03/22/2023 04:55:01 PM;Hombre;Rural;Sisben;Jorge Bello;Sisben;SISBEN;SISBEN;SISBEN;De 1 a 10 Minutos;Buena;Buena;Buena;Si;Buena;Ninguna;27-59 Años (Adulto);Ninguna;Jorge;Bello;JORGE BELLO;Sisben;sisben
03/21/2023 05:56:47 PM;Mujer;Rural;Secretaria de Hacienda;Nelly Perez;Secretaria de Hacienda;SECRETARIA DE HACIENDA;SECRETARIA DE HACIENDA;SECRETARIA DE HACIENDA;De 1 a 10 Minutos;Buena;Buena;Buena;Si;Buena;Ninguna;27-59 Años (Adulto);Ninguna;Nelly;Perez;NELLY PEREZ;Secretaria de Hacienda;secretaria de hacienda
03/21/2023 02:43:37 PM;Mujer;Rural;Sisben;Yilson Rojas;Sisben;SISBEN;SISBEN;SISBEN;De 10 a 20 Minutos;Buena;Buena;Buena;Si;Buena;Ninguna;27-59 Años (Adulto);Ninguna;Yilson;Rojas;YILSON ROJAS;Sisben;sisben
03/21/2023 02:29:28 PM;Mujer;Rural;Sisben;Yilson Rojas;Sisben;SISBEN;SISBEN;SISBEN;De 1 a 10 Minutos;Buena;Buena;Buena;Si;Buena;Ninguna;27-59 Años (Adulto);Ninguna;Yilson;Rojas;YILSON ROJAS;Sisben;sisben
03/17/2023 03:28:29 PM;Hombre;Rural;Comisaría de Familia;Nancy Rojas;Comisaría de Familia;COMISARÍA DE FAMILIA;COMISARIA DE FAMILIA;COMISARIA DE FAMILIA;De 1 a 10 Minutos;Buena;Buena;Buena;Si;Buena;Ninguna;27-59 Años (Adulto);Ninguna;Nancy;Rojas;NANCY ROJAS;Comisaría de Familia;comisaría de familia
03/16/2023 03:29:23 PM;Mujer;Urbana;Secretaria de Hacienda;Nelly Perez;Secretaria de Hacienda;SECRETARIA DE HACIENDA;SECRETARIA DE HACIENDA;SECRETARIA DE HACIENDA;De 1 a 10 Minutos;Buena;Buena;Buena;Si;Buena;Ninguna;27-59 Años (Adulto);Ninguna;Nelly;Perez;NELLY PEREZ;Secretaria de Hacienda;secretaria de hacienda
3/10/2023 14:40;Mujer;Rural;Secretaria de Minas y ambiente;Marina Neme;Secretaria de Minas y ambiente;SECRETARIA DE MINAS Y AMBIENTE;SECRETARIA DE MINAS Y AMBIENTE;SECRETARIA DE MINAS Y AMBIENTE;De 1 a 10 Minutos;Buena;Buena;Buena;Si;Buena;Ninguna;27-59 Años (Adulto);Ninguna;Marina;Neme;MARINA NEME;Secretaria de Minas y ambiente;secretaria de minas y ambiente
3/10/2023 14:23;Mujer;Rural;Sisben;Yilson Rojas;Sisben;SISBEN;SISBEN;SISBEN;De 1 a 10 Minutos;Buena;Buena;Buena;Si;Buena;Ninguna;27-59 Años (Adulto);Ninguna;Yilson;Rojas;YILSON ROJAS;Sisben;sisben
3/07/2023 15:51;Hombre;Rural;Inspección de policia;Alfonso Ahumada;Inspección de policia;INSPECCIÓN DE POLICIA;INSPECCION DE POLICIA;INSPECCION DE POLICIA;De 1 a 10 Minutos;Buena;Buena;Buena;Si;Buena;Ninguna;27-59 Años (Adulto);Ninguna;Alfonso;Ahumada;ALFONSO AHUMADA;Inspección de policia;inspección de policia
3/07/2023 15:22;Hombre;Rural;Secretaria de Hacienda;Nelly Perez;Secretaria de Hacienda;SECRETARIA DE HACIENDA;SECRETARIA DE HACIENDA;SECRETARIA DE HACIENDA;De 1 a 10 Minutos;Buena;Buena;Buena;Si;Buena;Ninguna;27-59 Años (Adulto);Ninguna;Nelly;Perez;NELLY PEREZ;Secretaria de Hacienda;secretaria de hacienda
3/07/2023 14:24;Hombre;Rural;Secretaria de Salud;Jorge Bello;Secretaria de Salud;SECRETARIA DE SALUD;SECRETARIA DE SALUD;SECRETARIA DE SALUD;De 1 a 10 Minutos;Buena;Buena;Buena;Si;Buena;Ninguna;27-59 Años (Adulto);Ninguna;Jorge;Bello;JORGE BELLO;Secretaria de Salud;secretaria de salud
3/03/2023 21:31;Hombre;Rural;Inspección de policia;Alfonso Ahumada;Inspección de policia;INSPECCIÓN DE POLICIA;INSPECCION DE POLICIA;INSPECCION DE POLICIA;De 1 a 10 Minutos;Buena;Buena;Buena;Si;Buena;Ninguna;27-59 Años (Adulto);Ninguna;Alfonso;Ahumada;ALFONSO AHUMADA;Inspección de policia;inspección de policia
3/03/2023 17:11;Mujer;Urbana;Sisben;Yilson Rojas;Sisben;SISBEN;SISBEN;SISBEN;De 1 a 10 Minutos;Buena;Buena;Buena;Si;Buena;Ninguna;27-59 Años (Adulto);Ninguna;Yilson;Rojas;YILSON ROJAS;Sisben;sisben
3/03/2023 13:33;Mujer;Rural;Sisben;Yilson Rojas;Sisben;SISBEN;SISBEN;SISBEN;De 1 a 10 Minutos;Buena;Buena;Buena;Si;Buena;Ninguna;27-59 Años (Adulto);Ninguna;Yilson;Rojas;YILSON ROJAS;Sisben;sisben
3/01/2023 16:00;Mujer;Rural;Sisben;Yilson Rojas;Sisben;SISBEN;SISBEN;SISBEN;De 1 a 10 Minutos;Buena;Buena;Buena;Si;Buena;Ninguna;18-26 Años (Juventud);Ninguna;Yilson;Rojas;YILSON ROJAS;Sisben;sisben
3/01/2023 14:54;Mujer;Rural;Sisben;Yilson Rojas;Sisben;SISBEN;SISBEN;SISBEN;De 1 a 10 Minutos;Buena;Buena;Buena;Si;Buena;Ninguna;12-17 Años (Adolecencia);Ninguna;Yilson;Rojas;YILSON ROJAS;Sisben;sisben
3/01/2023 14:17;Hombre;Rural;Secretaria de Salud;Jorge Bello;Secretaria de Salud;SECRETARIA DE SALUD;SECRETARIA DE SALUD;SECRETARIA DE SALUD;De 1 a 10 Minutos;Buena;Buena;Buena;Si;Buena;Ninguna;27-59 Años (Adulto);Ninguna;Jorge;Bello;JORGE BELLO;Secretaria de Salud;secretaria de salud
3/01/2023 14:02;Mujer;Rural;Comisaría de Familia;Nancy Rojas Nubia Carrillo;Comisaría de Familia;COMISARÍA DE FAMILIA;COMISARIA DE FAMILIA;COMISARIA DE FAMILIA;De 1 a 10 Minutos;Buena;Buena;Buena;Si;Buena;Ninguna;27-59 Años (Adulto);Ninguna;Nancy;Rojas;NANCY ROJAS;Comisaría de Familia;comisaría de familia
3/01/2023 13:45;Mujer;Rural;Secretaria de Hacienda;Nelly Perez;Secretaria de Hacienda;SECRETARIA DE HACIENDA;SECRETARIA DE HACIENDA;SECRETARIA DE HACIENDA;De 1 a 10 Minutos;Buena;Buena;Buena;Si;Buena;Ninguna;12-17 Años (Adolecencia);Ninguna;Nelly;Perez;NELLY PEREZ;Secretaria de Hacienda;secretaria de hacienda
3/01/2023 13:34;Mujer;Rural;Sisben;Yilson Rojas;Sisben;SISBEN;SISBEN;SISBEN;De 1 a 10 Minutos;Buena;Buena;Buena;Si;Buena;Ninguna;27-59 Años (Adulto);Ninguna;Yilson;Rojas;YILSON ROJAS;Sisben;sisben
02/28/2023 07:27:30 PM;Hombre;Urbana;Secretaria de Hacienda;Nelly Perez;Secretaria de Hacienda;SECRETARIA DE HACIENDA;SECRETARIA DE HACIENDA;SECRETARIA DE HACIENDA;De 1 a 10 Minutos;Buena;Buena;Buena;Si;Buena;Ninguna;27-59 Años (Adulto);Ninguna;Nelly;Perez;NELLY PEREZ;Secretaria de Hacienda;secretaria de hacienda
02/27/2023 03:26:31 PM;Mujer;Urbana;Sisben;Yilson Rojas;Sisben;SISBEN;SISBEN;SISBEN;De 1 a 10 Minutos;Buena;Buena;Buena;Si;Buena;Ninguna;27-59 Años (Adulto);Ninguna;Yilson;Rojas;YILSON ROJAS;Sisben;sisben
02/24/2023 02:21:48 PM;Hombre;Urbana;Sisben;Yilson Rojas;Sisben;SISBEN;SISBEN;SISBEN;De 1 a 10 Minutos;Buena;Buena;Buena;Si;Buena;Ninguna;27-59 Años (Adulto);Ninguna;Yilson;Rojas;YILSON ROJAS;Sisben;sisben
02/17/2023 01:47:00 PM;Mujer;Urbana;Sisben;Yilson Rojas;Sisben;SISBEN;SISBEN;SISBEN;De 1 a 10 Minutos;Buena;Buena;Buena;Si;Buena;Ninguna;27-59 Años (Adulto);Ninguna;Yilson;Rojas;YILSON ROJAS;Sisben;sisben
02/16/2023 03:25:34 PM;Mujer;Rural;Sisben;Yilson Rojas;Sisben;SISBEN;SISBEN;SISBEN;De 1 a 10 Minutos;Buena;Buena;Buena;Si;Buena;Ninguna;27-59 Años (Adulto);Ninguna;Yilson;Rojas;YILSON ROJAS;Sisben;sisben
02/16/2023 02:15:57 PM;Hombre;Rural;Secretaria de Hacienda;Nelly Perez;Secretaria de Hacienda;SECRETARIA DE HACIENDA;SECRETARIA DE HACIENDA;SECRETARIA DE HACIENDA;De 1 a 10 Minutos;Buena;Buena;Buena;Si;Buena;Ninguna;27-59 Años (Adulto);Ninguna;Nelly;Perez;NELLY PEREZ;Secretaria de Hacienda;secretaria de hacienda
2/08/2023 14:26;Hombre;Rural;Sisben;Yilson Rojas;Sisben;SISBEN;SISBEN;SISBEN;De 1 a 10 Minutos;Buena;Buena;Buena;Si;Buena;Ninguna;27-59 Años (Adulto);Ninguna;Yilson;Rojas;YILSON ROJAS;Sisben;sisben
2/08/2023 14:23;Mujer;Rural;Secretaria de Hacienda;Nelly Perez;Secretaria de Hacienda;SECRETARIA DE HACIENDA;SECRETARIA DE HACIENDA;SECRETARIA DE HACIENDA;De 1 a 10 Minutos;Buena;Buena;Buena;Si;Buena;Ninguna;27-59 Años (Adulto);Ninguna;Nelly;Perez;NELLY PEREZ;Secretaria de Hacienda;secretaria de hacienda
2/07/2023 21:20;Hombre;Rural;Secretaria de cultura y deportes;Marina Neme;Secretaria de cultura y deportes;SECRETARIA DE CULTURA Y DEPORTES;SECRETARIA DE CULTURA Y DEPORTES;SECRETARIA DE CULTURA Y DEPORTES;De 1 a 10 Minutos;Buena;Buena;Buena;Si;Buena;Ninguna;27-59 Años (Adulto);Ninguna;Marina;Neme;MARINA NEME;Secretaria de cultura y deportes;secretaria de cultura y deportes
2/06/2023 17:22;Hombre;Rural;Secretaria de Hacienda;Nelly Perez;Secretaria de Hacienda;SECRETARIA DE HACIENDA;SECRETARIA DE HACIENDA;SECRETARIA DE HACIENDA;De 1 a 10 Minutos;Buena;Buena;Buena;Si;Buena;Ninguna;27-59 Años (Adulto);Ninguna;Nelly;Perez;NELLY PEREZ;Secretaria de Hacienda;secretaria de hacienda
2/06/2023 13:40;Hombre;Rural;Sisben;Yilson Rojas;Sisben;SISBEN;SISBEN;SISBEN;De 1 a 10 Minutos;Buena;Buena;Buena;Si;Buena;Ninguna;27-59 Años (Adulto);Ninguna;Yilson;Rojas;YILSON ROJAS;Sisben;sisben
2/06/2023 13:23;Hombre;Rural;Comisaría de Familia;Nancy Rojas Nubia Carrillo;Comisaría de Familia;COMISARÍA DE FAMILIA;COMISARIA DE FAMILIA;COMISARIA DE FAMILIA;De 1 a 10 Minutos;Buena;Buena;Buena;Si;Buena;Ninguna;27-59 Años (Adulto);Ninguna;Nancy;Rojas;NANCY ROJAS;Comisaría de Familia;comisaría de familia
2/03/2023 20:43;Mujer;Urbana;Secretaria de Planeación;Laura Calderon;Secretaria de Planeación;SECRETARIA DE PLANEACIÓN;SECRETARIA DE PLANEACION;SECRETARIA DE PLANEACION;De 1 a 10 Minutos;Buena;Buena;Buena;Si;Buena;Ninguna;27-59 Años (Adulto);Ninguna;Laura;Calderon;LAURA CALDERON;Secretaria de Planeación;secretaria de planeación
2/02/2023 19:53;Mujer;Rural;Inspección de policia;Alfonso Ahumada;Inspección de policia;INSPECCIÓN DE POLICIA;INSPECCION DE POLICIA;INSPECCION DE POLICIA;De 1 a 10 Minutos;Buena;Buena;Buena;Si;Buena;Ninguna;27-59 Años (Adulto);Ninguna;Alfonso;Ahumada;ALFONSO AHUMADA;Inspección de policia;inspección de policia
2/02/2023 13:44;Mujer;Rural;Sisben;Yilson Rojas;Sisben;SISBEN;SISBEN;SISBEN;De 20 a 30 Minutos;Buena;Buena;Buena;Si;Buena;Ninguna;27-59 Años (Adulto);Ninguna;Yilson;Rojas;YILSON ROJAS;Sisben;sisben
2/02/2023 13:35;Hombre;Rural;Secretaria de Salud;Jorge Bello;Secretaria de Salud;SECRETARIA DE SALUD;SECRETARIA DE SALUD;SECRETARIA DE SALUD;De 1 a 10 Minutos;Buena;Buena;Buena;Si;Buena;Ninguna;27-59 Años (Adulto);Ninguna;Jorge;Bello;JORGE BELLO;Secretaria de Salud;secretaria de salud
2/01/2023 15:21;Mujer;Rural;Secretaria de Hacienda;Nelly Perez;Secretaria de Hacienda;SECRETARIA DE HACIENDA;SECRETARIA DE HACIENDA;SECRETARIA DE HACIENDA;De 1 a 10 Minutos;Buena;Buena;Buena;Si;Buena;Ninguna;27-59 Años (Adulto);Ninguna;Nelly;Perez;NELLY PEREZ;Secretaria de Hacienda;secretaria de hacienda
01/31/2023 07:54:17 PM;Mujer;Rural;Despacho Alcaldia;Ximara Rodriguez;Despacho Alcaldia;DESPACHO ALCALDIA;DESPACHO ALCALDIA;DESPACHO ALCALDIA;De 1 a 10 Minutos;Buena;Buena;Buena;Si;Buena;Ninguna;27-59 Años (Adulto);Ninguna;Ximara;Rodriguez;XIMARA RODRIGUEZ;Despacho Alcaldia;despacho alcaldia
01/31/2023 03:14:50 PM;Hombre;Rural;Comisaría de Familia;Nancy Rojas Nubia Carrillo;Comisaría de Familia;COMISARÍA DE FAMILIA;COMISARIA DE FAMILIA;COMISARIA DE FAMILIA;De 1 a 10 Minutos;Buena;Buena;Buena;Si;Buena;Ninguna;27-59 Años (Adulto);Ninguna;Nancy;Rojas;NANCY ROJAS;Comisaría de Familia;comisaría de familia
01/31/2023 02:13:11 PM;Mujer;Rural;Secretaria de Hacienda;Nelly Perez;Secretaria de Hacienda;SECRETARIA DE HACIENDA;SECRETARIA DE HACIENDA;SECRETARIA DE HACIENDA;De 1 a 10 Minutos;Buena;Buena;Buena;Si;Buena;Ninguna;27-59 Años (Adulto);Ninguna;Nelly;Perez;NELLY PEREZ;Secretaria de Hacienda;secretaria de hacienda
01/30/2023 03:48:42 PM;Mujer;Rural;Secretaria de Gobierno;Mayerly Contreras;Secretaria de Gobierno;SECRETARIA DE GOBIERNO;SECRETARIA DE GOBIERNO;SECRETARIA DE GOBIERNO;De 1 a 10 Minutos;Buena;Buena;Buena;Si;Buena;Ninguna;27-59 Años (Adulto);Ninguna;Mayerly;Contreras;MAYERLY CONTRERAS;Secretaria de Gobierno;secretaria de gobierno
01/30/2023 03:33:24 PM;Hombre;Rural;Inspección de policia;Alfonso Ahumada;Inspección de policia;INSPECCIÓN DE POLICIA;INSPECCION DE POLICIA;INSPECCION DE POLICIA;De 1 a 10 Minutos;Buena;Buena;Buena;Si;Buena;Ninguna;27-59 Años (Adulto);Ninguna;Alfonso;Ahumada;ALFONSO AHUMADA;Inspección de policia;inspección de policia
01/30/2023 01:59:53 PM;Mujer;Rural;Secretaria de cultura y deportes;Marina Neme;Secretaria de cultura y deportes;SECRETARIA DE CULTURA Y DEPORTES;SECRETARIA DE CULTURA Y DEPORTES;SECRETARIA DE CULTURA Y DEPORTES;De 1 a 10 Minutos;Buena;Buena;Buena;Si;Buena;Ninguna;27-59 Años (Adulto);Ninguna;Marina;Neme;MARINA NEME;Secretaria de cultura y deportes;secretaria de cultura y deportes
01/26/2023 02:47:44 PM;Hombre;Rural;Inspección de policia;Alfonso Ahumada;Inspección de policia;INSPECCIÓN DE POLICIA;INSPECCION DE POLICIA;INSPECCION DE POLICIA;De 1 a 10 Minutos;Buena;Buena;Buena;Si;Buena;Ninguna;27-59 Años (Adulto);Ninguna;Alfonso;Ahumada;ALFONSO AHUMADA;Inspección de policia;inspección de policia
01/26/2023 02:41:27 PM;Mujer;Rural;Sisben;Yilson Rojas;Sisben;SISBEN;SISBEN;SISBEN;De 1 a 10 Minutos;Buena;Buena;Buena;Si;Buena;Ninguna;18-26 Años (Juventud);Ninguna;Yilson;Rojas;YILSON ROJAS;Sisben;sisben
01/26/2023 02:37:19 PM;Hombre;Rural;Sisben;Yilson Rojas;Sisben;SISBEN;SISBEN;SISBEN;De 1 a 10 Minutos;Buena;Buena;Buena;Si;Buena;Ninguna;27-59 Años (Adulto);Ninguna;Yilson;Rojas;YILSON ROJAS;Sisben;sisben
01/25/2023 04:52:28 PM;Hombre;Rural;Comisaría de Familia;Nancy Rojas Nubia Carrillo;Comisaría de Familia;COMISARÍA DE FAMILIA;COMISARIA DE FAMILIA;COMISARIA DE FAMILIA;De 1 a 10 Minutos;Buena;Buena;Buena;Si;Buena;Ninguna;27-59 Años (Adulto);Ninguna;Nancy;Rojas;NANCY ROJAS;Comisaría de Familia;comisaría de familia
01/24/2023 08:16:07 PM;Hombre;Rural;Secretaria de Salud;Jorge Bello;Secretaria de Salud;SECRETARIA DE SALUD;SECRETARIA DE SALUD;SECRETARIA DE SALUD;De 1 a 10 Minutos;Buena;Buena;Buena;Si;Buena;Ninguna;27-59 Años (Adulto);Ninguna;Jorge;Bello;JORGE BELLO;Secretaria de Salud;secretaria de salud
01/24/2023 05:17:36 PM;Hombre;Rural;Inspección de policia;Alfonso Ahumada;Inspección de policia;INSPECCIÓN DE POLICIA;INSPECCION DE POLICIA;INSPECCION DE POLICIA;De 1 a 10 Minutos;Buena;Buena;Buena;Si;Buena;Ninguna;27-59 Años (Adulto);Ninguna;Alfonso;Ahumada;ALFONSO AHUMADA;Inspección de policia;inspección de policia
01/24/2023 02:01:11 PM;Mujer;Rural;Secretaria de Salud;Jorge Bello;Secretaria de Salud;SECRETARIA DE SALUD;SECRETARIA DE SALUD;SECRETARIA DE SALUD;De 1 a 10 Minutos;Buena;Buena;Buena;Si;Buena;Ninguna;27-59 Años (Adulto);Ninguna;Jorge;Bello;JORGE BELLO;Secretaria de Salud;secretaria de salud
01/24/2023 01:32:57 PM;Hombre;Rural;Secretaria de cultura y deportes;Marina Neme;Secretaria de cultura y deportes;SECRETARIA DE CULTURA Y DEPORTES;SECRETARIA DE CULTURA Y DEPORTES;SECRETARIA DE CULTURA Y DEPORTES;De 1 a 10 Minutos;Buena;Buena;Buena;Si;Buena;Ninguna;27-59 Años (Adulto);Ninguna;Marina;Neme;MARINA NEME;Secretaria de cultura y deportes;secretaria de cultura y deportes
01/19/2023 03:19:54 PM;Hombre;Rural;Secretaria de Hacienda;Nelly Perez;Secretaria de Hacienda;SECRETARIA DE HACIENDA;SECRETARIA DE HACIENDA;SECRETARIA DE HACIENDA;De 1 a 10 Minutos;Buena;Buena;Buena;Si;Buena;Ninguna;27-59 Años (Adulto);Ninguna;Nelly;Perez;NELLY PEREZ;Secretaria de Hacienda;secretaria de hacienda
01/19/2023 03:13:25 PM;Hombre;Rural;Sisben;Yilson Rojas;Sisben;SISBEN;SISBEN;SISBEN;De 1 a 10 Minutos;Buena;Buena;Buena;Si;Buena;Ninguna;18-26 Años (Juventud);Ninguna;Yilson;Rojas;YILSON ROJAS;Sisben;sisben
01/16/2023 01:44:52 PM;Mujer;Rural;Secretaria de Planeación;Laura Calderon;Secretaria de Planeación;SECRETARIA DE PLANEACIÓN;SECRETARIA DE PLANEACION;SECRETARIA DE PLANEACION;De 10 a 20 Minutos;Buena;Buena;Buena;Si;Buena;Ninguna;27-59 Años (Adulto);Ninguna;Laura;Calderon;LAURA CALDERON;Secretaria de Planeación;secretaria de planeación
01/13/2023 02:42:19 PM;Mujer;Rural;Comisaría de Familia;Nancy Rojas Nubia Carrillo;Comisaría de Familia;COMISARÍA DE FAMILIA;COMISARIA DE FAMILIA;COMISARIA DE FAMILIA;De 1 a 10 Minutos;Buena;Buena;Buena;Si;Buena;Ninguna;27-59 Años (Adulto);Ninguna;Nancy;Rojas;NANCY ROJAS;Comisaría de Familia;comisaría de familia
01/13/2023 02:40:02 PM;Mujer;Rural;Inspección de policia;Alfonso Ahumada;Inspección de policia;INSPECCIÓN DE POLICIA;INSPECCION DE POLICIA;INSPECCION DE POLICIA;De 1 a 10 Minutos;Buena;Buena;Buena;Si;Buena;Ninguna;27-59 Años (Adulto);Ninguna;Alfonso;Ahumada;ALFONSO AHUMADA;Inspección de policia;inspección de policia
01/13/2023 01:58:17 PM;Mujer;Rural;Sisben;Yilson Rojas;Sisben;SISBEN;SISBEN;SISBEN;De 1 a 10 Minutos;Buena;Buena;Buena;Si;Buena;Ninguna;27-59 Años (Adulto);Ninguna;Yilson;Rojas;YILSON ROJAS;Sisben;sisben
1/12/2023 21:41;Mujer;Rural;Comisaría de Familia;Nancy Rojas;Comisaría de Familia;COMISARÍA DE FAMILIA;COMISARIA DE FAMILIA;COMISARIA DE FAMILIA;De 1 a 10 Minutos;Buena;Buena;Buena;Si;Buena;Ninguna;27-59 Años (Adulto);Ninguna;Nancy;Rojas;NANCY ROJAS;Comisaría de Familia;comisaría de familia
1/12/2023 16:13;Hombre;Rural;Sisben;Yilson Rojas;Sisben;SISBEN;SISBEN;SISBEN;De 1 a 10 Minutos;Buena;Buena;Buena;Si;Buena;Ninguna;27-59 Años (Adulto);Ninguna;Yilson;Rojas;YILSON ROJAS;Sisben;sisben
1/12/2023 16:09;Mujer;Rural;Secretaria de Minas y ambiente;Marina Neme;Secretaria de Minas y ambiente;SECRETARIA DE MINAS Y AMBIENTE;SECRETARIA DE MINAS Y AMBIENTE;SECRETARIA DE MINAS Y AMBIENTE;De 1 a 10 Minutos;Buena;Buena;Buena;Si;Buena;Ninguna;27-59 Años (Adulto);Ninguna;Marina;Neme;MARINA NEME;Secretaria de Minas y ambiente;secretaria de minas y ambiente
1/12/2023 15:47;Hombre;Rural;Comisaría de Familia;Namcy Rojas Nubia Carrillo;Comisaría de Familia;COMISARÍA DE FAMILIA;COMISARIA DE FAMILIA;COMISARIA DE FAMILIA;De 1 a 10 Minutos;Buena;Buena;Buena;Si;Buena;Ninguna;27-59 Años (Adulto);Ninguna;Namcy;Rojas;NAMCY ROJAS;Comisaría de Familia;comisaría de familia
1/11/2023 16:29;Hombre;Rural;Comisaría de Familia;Nancy Rojas Nubia Carrillo;Comisaría de Familia;COMISARÍA DE FAMILIA;COMISARIA DE FAMILIA;COMISARIA DE FAMILIA;De 1 a 10 Minutos;Buena;Buena;Buena;Si;Buena;Ninguna;27-59 Años (Adulto);Ninguna;Nancy;Rojas;NANCY ROJAS;Comisaría de Familia;comisaría de familia
1/03/2023 15:27;Mujer;Rural;Secretaria de Salud;Jorge Bello;Secretaria de Salud;SECRETARIA DE SALUD;SECRETARIA DE SALUD;SECRETARIA DE SALUD;De 1 a 10 Minutos;Buena;Buena;Buena;Si;Buena;Ninguna;27-59 Años (Adulto);Ninguna;Jorge;Bello;JORGE BELLO;Secretaria de Salud;secretaria de salud
1/03/2023 14:09;Mujer;Rural;Inspección de policia;Alfonso Ahumada;Inspección de policia;INSPECCIÓN DE POLICIA;INSPECCION DE POLICIA;INSPECCION DE POLICIA;De 1 a 10 Minutos;Buena;Buena;Buena;Si;Buena;Ninguna;27-59 Años (Adulto);Ninguna;Alfonso;Ahumada;ALFONSO AHUMADA;Inspección de policia;inspección de policia
